"sample","day","vaccine","fish","jaw","wt"
"1",0,"4","1","0",71
"2",82,"4","1","0",86
"3",246,"4","1","0",734
"4",505,"4","1","0",2030
"5",901,"4","1","0",5800
"1",0,"4","2","0",73
"2",82,"4","2","0",109
"3",246,"4","2","0",840
"4",505,"4","2","0",1730
"5",901,"4","2","0",4660
"1",0,"3","3","0",69
"2",82,"3","3","0",84
"3",246,"3","3","0",748
"4",505,"3","3","0",1520
"5",901,"3","3","0",5900
"1",0,"2","4","0",63
"2",82,"2","4","0",82
"3",246,"2","4","0",686
"4",505,"2","4","0",2180
"5",901,"2","4","0",7230
"1",0,"1","5","0",68
"2",82,"1","5","0",76
"3",246,"1","5","0",768
"4",505,"1","5","0",2100
"5",901,"1","5","0",6500
"1",0,"1","6","0",75
"2",82,"1","6","0",103
"3",246,"1","6","0",728
"4",505,"1","6","0",2780
"5",901,"1","6","0",7720
"1",0,"3","7","0",71
"2",82,"3","7","0",92
"3",246,"3","7","0",684
"4",505,"3","7","0",1710
"5",901,"3","7","0",6910
"1",0,"2","8","0",59
"2",82,"2","8","0",77
"3",246,"2","8","0",598
"4",505,"2","8","0",1620
"5",901,"2","8","0",5250
"1",0,"1","9","1",70
"2",82,"1","9","1",96
"3",246,"1","9","1",754
"4",505,"1","9","1",3340
"5",901,"1","9","1",3160
"1",0,"1","10","0",60
"2",82,"1","10","0",83
"3",246,"1","10","0",788
"4",505,"1","10","0",2450
"5",901,"1","10","0",8300
"1",0,"1","11","0",53
"2",82,"1","11","0",75
"3",246,"1","11","0",798
"4",505,"1","11","0",2180
"5",901,"1","11","0",7140
"1",0,"1","12","0",46
"2",82,"1","12","0",65
"3",246,"1","12","0",705
"4",505,"1","12","0",1760
"5",901,"1","12","0",4880
"1",0,"1","13","0",81
"2",82,"1","13","0",107
"3",246,"1","13","0",820
"4",505,"1","13","0",2140
"5",901,"1","13","0",7070
"1",0,"4","14","1",45
"2",82,"4","14","1",59
"3",246,"4","14","1",442
"4",505,"4","14","1",1620
"5",901,"4","14","1",5270
"1",0,"2","15","0",57
"2",82,"2","15","0",78
"3",246,"2","15","0",802
"4",505,"2","15","0",2010
"5",901,"2","15","0",5420
"1",0,"1","16","0",62
"2",82,"1","16","0",80
"3",246,"1","16","0",808
"4",505,"1","16","0",2030
"5",901,"1","16","0",6900
"1",0,"3","17","0",50
"2",82,"3","17","0",67
"3",246,"3","17","0",600
"4",505,"3","17","0",1680
"5",901,"3","17","0",5230
"1",0,"2","18","0",58
"2",82,"2","18","0",73
"3",246,"2","18","0",528
"4",505,"2","18","0",1990
"5",901,"2","18","0",7040
"1",0,"2","19","0",72
"2",82,"2","19","0",102
"3",246,"2","19","0",630
"4",505,"2","19","0",1800
"5",901,"2","19","0",5080
"1",0,"2","20","0",93
"2",82,"2","20","0",132
"3",246,"2","20","0",950
"4",505,"2","20","0",2200
"5",901,"2","20","0",6460
"1",0,"1","21","0",45
"2",82,"1","21","0",55
"3",246,"1","21","0",688
"4",505,"1","21","0",1500
"5",901,"1","21","0",4550
"1",0,"1","22","0",49
"2",82,"1","22","0",74
"3",246,"1","22","0",738
"4",505,"1","22","0",1780
"5",901,"1","22","0",7230
"1",0,"4","23","0",82
"2",82,"4","23","0",104
"3",246,"4","23","0",702
"4",505,"4","23","0",1920
"5",901,"4","23","0",5350
"1",0,"3","24","0",61
"2",82,"3","24","0",73
"3",246,"3","24","0",676
"4",505,"3","24","0",1480
"5",901,"3","24","0",5560
"1",0,"3","25","0",56
"2",82,"3","25","0",77
"3",246,"3","25","0",760
"4",505,"3","25","0",1530
"5",901,"3","25","0",3820
"1",0,"3","26","0",42
"2",82,"3","26","0",62
"3",246,"3","26","0",684
"4",505,"3","26","0",2230
"5",901,"3","26","0",6950
"1",0,"1","27","0",72
"2",82,"1","27","0",81
"3",246,"1","27","0",865
"4",505,"1","27","0",2500
"5",901,"1","27","0",7870
"1",0,"4","28","0",53
"2",82,"4","28","0",68
"3",246,"4","28","0",570
"4",505,"4","28","0",1550
"5",901,"4","28","0",7920
"1",0,"1","29","0",59
"2",82,"1","29","0",78
"3",246,"1","29","0",632
"4",505,"1","29","0",1320
"5",901,"1","29","0",5360
"1",0,"3","30","0",78
"2",82,"3","30","0",97
"3",246,"3","30","0",674
"4",505,"3","30","0",2400
"5",901,"3","30","0",6940
"1",0,"3","31","0",66
"2",82,"3","31","0",93
"3",246,"3","31","0",742
"4",505,"3","31","0",2380
"5",901,"3","31","0",5890
"1",0,"3","32","0",59
"2",82,"3","32","0",85
"3",246,"3","32","0",825
"4",505,"3","32","0",1780
"5",901,"3","32","0",4890
"1",0,"4","33","0",55
"2",82,"4","33","0",72
"3",246,"4","33","0",668
"4",505,"4","33","0",3780
"5",901,"4","33","0",4490
"1",0,"3","34","0",63
"2",82,"3","34","0",80
"3",246,"3","34","0",685
"4",505,"3","34","0",2280
"5",901,"3","34","0",6910
"1",0,"4","35","0",60
"2",82,"4","35","0",66
"3",246,"4","35","0",565
"4",505,"4","35","0",1600
"5",901,"4","35","0",4950
"1",0,"1","36","0",50
"2",82,"1","36","0",77
"3",246,"1","36","0",666
"4",505,"1","36","0",2020
"5",901,"1","36","0",7590
"1",0,"4","37","0",48
"2",82,"4","37","0",68
"3",246,"4","37","0",580
"4",505,"4","37","0",1960
"5",901,"4","37","0",5740
"1",0,"3","38","0",42
"2",82,"3","38","0",56
"3",246,"3","38","0",665
"4",505,"3","38","0",3360
"5",901,"3","38","0",5970
"1",0,"2","39","0",52
"2",82,"2","39","0",69
"3",246,"2","39","0",726
"4",505,"2","39","0",1680
"5",901,"2","39","0",6030
"1",0,"2","40","0",56
"2",82,"2","40","0",75
"3",246,"2","40","0",728
"4",505,"2","40","0",1230
"5",901,"2","40","0",6480
"1",0,"1","41","0",64
"2",82,"1","41","0",82
"3",246,"1","41","0",672
"4",505,"1","41","0",1830
"5",901,"1","41","0",7550
"1",0,"1","42","0",56
"2",82,"1","42","0",72
"3",246,"1","42","0",608
"4",505,"1","42","0",1580
"5",901,"1","42","0",4640
"1",0,"2","43","1",52
"2",82,"2","43","1",66
"3",246,"2","43","1",520
"4",505,"2","43","1",1240
"5",901,"2","43","1",5280
"1",0,"2","44","0",54
"2",82,"2","44","0",63
"3",246,"2","44","0",702
"4",505,"2","44","0",1740
"5",901,"2","44","0",5020
"1",0,"1","45","0",61
"2",82,"1","45","0",70
"3",246,"1","45","0",560
"4",505,"1","45","0",2140
"5",901,"1","45","0",8340
"1",0,"3","46","0",68
"2",82,"3","46","0",95
"3",246,"3","46","0",708
"4",505,"3","46","0",1390
"5",901,"3","46","0",4390
"1",0,"3","47","0",58
"2",82,"3","47","0",71
"3",246,"3","47","0",766
"4",505,"3","47","0",2600
"5",901,"3","47","0",9120
"1",0,"4","48","0",49
"2",82,"4","48","0",60
"3",246,"4","48","0",625
"4",505,"4","48","0",1670
"5",901,"4","48","0",5250
"1",0,"4","49","1",50
"2",82,"4","49","1",61
"3",246,"4","49","1",690
"4",505,"4","49","1",1450
"5",901,"4","49","1",4430
"1",0,"2","50","0",52
"2",82,"2","50","0",71
"3",246,"2","50","0",738
"4",505,"2","50","0",1980
"5",901,"2","50","0",6610
"1",0,"4","51","0",62
"2",82,"4","51","0",75
"3",246,"4","51","0",586
"4",505,"4","51","0",1720
"5",901,"4","51","0",5390
"1",0,"1","52","0",66
"2",82,"1","52","0",84
"3",246,"1","52","0",778
"4",505,"1","52","0",2030
"5",901,"1","52","0",6450
"1",0,"4","53","0",76
"2",82,"4","53","0",93
"3",246,"4","53","0",686
"4",505,"4","53","0",1600
"5",901,"4","53","0",5430
"1",0,"1","54","1",54
"2",82,"1","54","1",66
"3",246,"1","54","1",532
"4",505,"1","54","1",1170
"5",901,"1","54","1",3850
"1",0,"1","55","1",75
"2",82,"1","55","1",111
"3",246,"1","55","1",948
"4",505,"1","55","1",3830
"5",901,"1","55","1",7590
"1",0,"3","56","0",46
"2",82,"3","56","0",63
"3",246,"3","56","0",700
"4",505,"3","56","0",1640
"5",901,"3","56","0",6890
"1",0,"3","57","1",53
"2",82,"3","57","1",76
"3",246,"3","57","1",685
"4",505,"3","57","1",2160
"5",901,"3","57","1",8050
"1",0,"3","58","0",66
"2",82,"3","58","0",92
"3",246,"3","58","0",695
"4",505,"3","58","0",2180
"5",901,"3","58","0",8080
"1",0,"4","59","0",54
"2",82,"4","59","0",70
"3",246,"4","59","0",500
"4",505,"4","59","0",1410
"5",901,"4","59","0",5150
"1",0,"2","60","0",68
"2",82,"2","60","0",89
"3",246,"2","60","0",685
"4",505,"2","60","0",2230
"5",901,"2","60","0",9200
"1",0,"2","61","0",55
"2",82,"2","61","0",76
"3",246,"2","61","0",568
"4",505,"2","61","0",1970
"5",901,"2","61","0",5410
"1",0,"3","62","0",57
"2",82,"3","62","0",84
"3",246,"3","62","0",782
"4",505,"3","62","0",2780
"5",901,"3","62","0",9840
"1",0,"4","63","0",57
"2",82,"4","63","0",78
"3",246,"4","63","0",596
"4",505,"4","63","0",2000
"5",901,"4","63","0",5110
"1",0,"4","64","0",77
"2",82,"4","64","0",93
"3",246,"4","64","0",705
"4",505,"4","64","0",1660
"5",901,"4","64","0",3070
"1",0,"2","65","0",67
"2",82,"2","65","0",83
"3",246,"2","65","0",798
"4",505,"2","65","0",1450
"5",901,"2","65","0",6910
"1",0,"4","66","0",47
"2",82,"4","66","0",63
"3",246,"4","66","0",592
"4",505,"4","66","0",1830
"5",901,"4","66","0",6350
"1",0,"1","67","0",70
"2",82,"1","67","0",86
"3",246,"1","67","0",768
"4",505,"1","67","0",1990
"5",901,"1","67","0",7630
"1",0,"2","68","1",49
"2",82,"2","68","1",67
"3",246,"2","68","1",588
"4",505,"2","68","1",1560
"5",901,"2","68","1",4200
"1",0,"1","69","0",59
"2",82,"1","69","0",76
"3",246,"1","69","0",510
"4",505,"1","69","0",1500
"5",901,"1","69","0",5740
"1",0,"2","70","0",52
"2",82,"2","70","0",64
"3",246,"2","70","0",608
"4",505,"2","70","0",1220
"5",901,"2","70","0",4200
"1",0,"1","71","1",53
"2",82,"1","71","1",72
"3",246,"1","71","1",660
"4",505,"1","71","1",2740
"5",901,"1","71","1",4290
"1",0,"3","72","0",64
"2",82,"3","72","0",71
"3",246,"3","72","0",710
"4",505,"3","72","0",1850
"5",901,"3","72","0",6890
"1",0,"3","73","1",67
"2",82,"3","73","1",89
"3",246,"3","73","1",768
"4",505,"3","73","1",2028
"5",901,"3","73","1",7460
"1",0,"1","74","0",63
"2",82,"1","74","0",78
"3",246,"1","74","0",690
"4",505,"1","74","0",1240
"5",901,"1","74","0",4110
"1",0,"2","75","0",85
"2",82,"2","75","0",103
"3",246,"2","75","0",740
"4",505,"2","75","0",2160
"5",901,"2","75","0",6710
"1",0,"3","76","0",72
"2",82,"3","76","0",73
"3",246,"3","76","0",524
"4",505,"3","76","0",1480
"5",901,"3","76","0",5510
"1",0,"4","77","0",53
"2",82,"4","77","0",61
"3",246,"4","77","0",585
"4",505,"4","77","0",1500
"5",901,"4","77","0",4920
"1",0,"4","78","0",58
"2",82,"4","78","0",70
"3",246,"4","78","0",750
"4",505,"4","78","0",2260
"5",901,"4","78","0",4860
"1",0,"4","79","1",48
"2",82,"4","79","1",60
"3",246,"4","79","1",572
"4",505,"4","79","1",1670
"5",901,"4","79","1",4190
"1",0,"3","80","0",46
"2",82,"3","80","0",62
"3",246,"3","80","0",578
"4",505,"3","80","0",1960
"5",901,"3","80","0",6120
"1",0,"1","81","0",71
"2",82,"1","81","0",86
"3",246,"1","81","0",714
"4",505,"1","81","0",2890
"5",901,"1","81","0",4990
"1",0,"3","82","0",61
"2",82,"3","82","0",81
"3",246,"3","82","0",656
"4",505,"3","82","0",1960
"5",901,"3","82","0",6030
"1",0,"4","83","0",57
"2",82,"4","83","0",69
"3",246,"4","83","0",580
"4",505,"4","83","0",1240
"5",901,"4","83","0",5050
"1",0,"2","84","0",53
"2",82,"2","84","0",70
"3",246,"2","84","0",610
"4",505,"2","84","0",1880
"5",901,"2","84","0",6010
"1",0,"4","85","0",60
"2",82,"4","85","0",85
"3",246,"4","85","0",832
"4",505,"4","85","0",2760
"5",901,"4","85","0",6690
"1",0,"4","86","0",48
"2",82,"4","86","0",62
"3",246,"4","86","0",578
"4",505,"4","86","0",1560
"5",901,"4","86","0",5470
"1",0,"3","87","0",66
"2",82,"3","87","0",87
"3",246,"3","87","0",728
"4",505,"3","87","0",1980
"5",901,"3","87","0",6550
"1",0,"4","88","0",55
"2",82,"4","88","0",65
"3",246,"4","88","0",475
"4",505,"4","88","0",1230
"5",901,"4","88","0",5700
"1",0,"2","89","0",46
"2",82,"2","89","0",61
"3",246,"2","89","0",595
"4",505,"2","89","0",1360
"5",901,"2","89","0",3330
"1",0,"3","90","0",61
"2",82,"3","90","0",77
"3",246,"3","90","0",666
"4",505,"3","90","0",1780
"5",901,"3","90","0",4790
"1",0,"3","91","0",76
"2",82,"3","91","0",99
"3",246,"3","91","0",640
"4",505,"3","91","0",1570
"5",901,"3","91","0",4610
"1",0,"3","92","0",60
"2",82,"3","92","0",72
"3",246,"3","92","0",678
"4",505,"3","92","0",1380
"5",901,"3","92","0",5520
"1",0,"3","93","1",45
"2",82,"3","93","1",47
"3",246,"3","93","1",576
"4",505,"3","93","1",1280
"5",901,"3","93","1",4210
"1",0,"4","94","0",47
"2",82,"4","94","0",56
"3",246,"4","94","0",460
"4",505,"4","94","0",1450
"5",901,"4","94","0",4780
"1",0,"1","95","0",56
"2",82,"1","95","0",67
"3",246,"1","95","0",638
"4",505,"1","95","0",1800
"5",901,"1","95","0",5390
"1",0,"3","96","0",36
"2",82,"3","96","0",48
"3",246,"3","96","0",486
"4",505,"3","96","0",1490
"5",901,"3","96","0",5810
"1",0,"2","97","1",50
"2",82,"2","97","1",76
"3",246,"2","97","1",500
"4",505,"2","97","1",1080
"5",901,"2","97","1",3060
"1",0,"1","98","0",51
"2",82,"1","98","0",71
"3",246,"1","98","0",605
"4",505,"1","98","0",1400
"5",901,"1","98","0",4260
"1",0,"1","99","0",59
"2",82,"1","99","0",86
"3",246,"1","99","0",768
"4",505,"1","99","0",2340
"5",901,"1","99","0",6920
"1",0,"2","100","0",90
"2",82,"2","100","0",120
"3",246,"2","100","0",1058
"4",505,"2","100","0",2950
"5",901,"2","100","0",8430
"1",0,"1","101","0",53
"2",82,"1","101","0",86
"3",246,"1","101","0",890
"4",505,"1","101","0",2800
"5",901,"1","101","0",7030
"1",0,"1","102","0",69
"2",82,"1","102","0",84
"3",246,"1","102","0",725
"4",505,"1","102","0",2980
"5",901,"1","102","0",4330
"1",0,"4","103","0",80
"2",82,"4","103","0",115
"3",246,"4","103","0",954
"4",505,"4","103","0",2250
"5",901,"4","103","0",4670
"1",0,"4","104","0",60
"2",82,"4","104","0",70
"3",246,"4","104","0",655
"4",505,"4","104","0",1950
"5",901,"4","104","0",5970
"1",0,"2","105","1",61
"2",82,"2","105","1",78
"3",246,"2","105","1",700
"4",505,"2","105","1",1800
"5",901,"2","105","1",4540
"1",0,"1","106","1",39
"2",82,"1","106","1",69
"3",246,"1","106","1",598
"4",505,"1","106","1",1450
"5",901,"1","106","1",4400
"1",0,"2","107","0",49
"2",82,"2","107","0",65
"3",246,"2","107","0",696
"4",505,"2","107","0",2450
"5",901,"2","107","0",6700
"1",0,"3","108","0",86
"2",82,"3","108","0",109
"3",246,"3","108","0",918
"4",505,"3","108","0",3650
"5",901,"3","108","0",8590
"1",0,"1","109","0",66
"2",82,"1","109","0",89
"3",246,"1","109","0",898
"4",505,"1","109","0",2650
"5",901,"1","109","0",7930
"1",0,"1","110","0",52
"2",82,"1","110","0",57
"3",246,"1","110","0",490
"4",505,"1","110","0",1780
"5",901,"1","110","0",5200
"1",0,"1","111","0",37
"2",82,"1","111","0",56
"3",246,"1","111","0",640
"4",505,"1","111","0",1880
"5",901,"1","111","0",6220
"1",0,"4","112","0",75
"2",82,"4","112","0",90
"3",246,"4","112","0",658
"4",505,"4","112","0",1870
"5",901,"4","112","0",5910
"1",0,"4","113","0",71
"2",82,"4","113","0",90
"3",246,"4","113","0",800
"4",505,"4","113","0",1790
"5",901,"4","113","0",6510
"1",0,"2","114","0",74
"2",82,"2","114","0",92
"3",246,"2","114","0",616
"4",505,"2","114","0",1750
"5",901,"2","114","0",6510
"1",0,"1","115","0",59
"2",82,"1","115","0",76
"3",246,"1","115","0",788
"4",505,"1","115","0",1890
"5",901,"1","115","0",5480
"1",0,"1","116","0",70
"2",82,"1","116","0",86
"3",246,"1","116","0",608
"4",505,"1","116","0",1410
"5",901,"1","116","0",4980
"1",0,"3","117","0",59
"2",82,"3","117","0",74
"3",246,"3","117","0",706
"4",505,"3","117","0",2350
"5",901,"3","117","0",7630
"1",0,"1","118","0",86
"2",82,"1","118","0",104
"3",246,"1","118","0",730
"4",505,"1","118","0",2260
"5",901,"1","118","0",3630
"1",0,"1","119","0",57
"2",82,"1","119","0",89
"3",246,"1","119","0",785
"4",505,"1","119","0",2060
"5",901,"1","119","0",6500
"1",0,"1","120","0",55
"2",82,"1","120","0",76
"3",246,"1","120","0",660
"4",505,"1","120","0",1450
"5",901,"1","120","0",6580
"1",0,"3","121","0",56
"2",82,"3","121","0",80
"3",246,"3","121","0",584
"4",505,"3","121","0",1890
"5",901,"3","121","0",4390
"1",0,"4","122","0",59
"2",82,"4","122","0",80
"3",246,"4","122","0",642
"4",505,"4","122","0",1680
"5",901,"4","122","0",4550
"1",0,"1","123","0",57
"2",82,"1","123","0",71
"3",246,"1","123","0",672
"4",505,"1","123","0",1520
"5",901,"1","123","0",4650
"1",0,"3","124","0",46
"2",82,"3","124","0",59
"3",246,"3","124","0",498
"4",505,"3","124","0",1550
"5",901,"3","124","0",5760
"1",0,"1","125","0",70
"2",82,"1","125","0",98
"3",246,"1","125","0",790
"4",505,"1","125","0",2570
"5",901,"1","125","0",6500
"1",0,"2","126","0",56
"2",82,"2","126","0",58
"3",246,"2","126","0",598
"4",505,"2","126","0",1130
"5",901,"2","126","0",2260
"1",0,"4","127","0",79
"2",82,"4","127","0",97
"3",246,"4","127","0",828
"4",505,"4","127","0",2040
"5",901,"4","127","0",6500
"1",0,"3","128","0",56
"2",82,"3","128","0",69
"3",246,"3","128","0",546
"4",505,"3","128","0",1480
"5",901,"3","128","0",5160
"1",0,"2","129","0",47
"2",82,"2","129","0",58
"3",246,"2","129","0",686
"4",505,"2","129","0",1920
"5",901,"2","129","0",6800
"1",0,"2","130","0",63
"2",82,"2","130","0",79
"3",246,"2","130","0",784
"4",505,"2","130","0",2630
"5",901,"2","130","0",3910
"1",0,"3","131","0",55
"2",82,"3","131","0",70
"3",246,"3","131","0",674
"4",505,"3","131","0",2840
"5",901,"3","131","0",4240
"1",0,"2","132","1",76
"2",82,"2","132","1",72
"3",246,"2","132","1",868
"4",505,"2","132","1",2090
"5",901,"2","132","1",5360
"1",0,"2","133","1",80
"2",82,"2","133","1",95
"3",246,"2","133","1",806
"4",505,"2","133","1",2560
"5",901,"2","133","1",6720
"1",0,"3","134","0",58
"2",82,"3","134","0",75
"3",246,"3","134","0",756
"4",505,"3","134","0",2200
"5",901,"3","134","0",6320
"1",0,"1","135","0",58
"2",82,"1","135","0",71
"3",246,"1","135","0",656
"4",505,"1","135","0",2450
"5",901,"1","135","0",7490
"1",0,"2","136","1",51
"2",82,"2","136","1",66
"3",246,"2","136","1",566
"4",505,"2","136","1",1750
"5",901,"2","136","1",5450
"1",0,"2","137","0",69
"2",82,"2","137","0",72
"3",246,"2","137","0",782
"4",505,"2","137","0",1790
"5",901,"2","137","0",5240
"1",0,"2","138","0",42
"2",82,"2","138","0",61
"3",246,"2","138","0",536
"4",505,"2","138","0",1060
"5",901,"2","138","0",4170
"1",0,"1","139","0",76
"2",82,"1","139","0",94
"3",246,"1","139","0",650
"4",505,"1","139","0",1240
"5",901,"1","139","0",4580
"1",0,"3","140","0",48
"2",82,"3","140","0",59
"3",246,"3","140","0",608
"4",505,"3","140","0",1800
"5",901,"3","140","0",6680
"1",0,"4","141","0",47
"2",82,"4","141","0",63
"3",246,"4","141","0",658
"4",505,"4","141","0",1560
"5",901,"4","141","0",4490
"1",0,"4","142","0",60
"2",82,"4","142","0",82
"3",246,"4","142","0",836
"4",505,"4","142","0",2250
"5",901,"4","142","0",6450
"1",0,"4","143","0",62
"2",82,"4","143","0",80
"3",246,"4","143","0",530
"4",505,"4","143","0",1230
"5",901,"4","143","0",4080
"1",0,"4","144","0",63
"2",82,"4","144","0",86
"3",246,"4","144","0",780
"4",505,"4","144","0",2110
"5",901,"4","144","0",5470
"1",0,"1","145","0",58
"2",82,"1","145","0",78
"3",246,"1","145","0",698
"4",505,"1","145","0",1430
"5",901,"1","145","0",4210
"1",0,"3","146","0",80
"2",82,"3","146","0",102
"3",246,"3","146","0",830
"4",505,"3","146","0",2260
"5",901,"3","146","0",6160
"1",0,"2","147","0",67
"2",82,"2","147","0",84
"3",246,"2","147","0",668
"4",505,"2","147","0",2000
"5",901,"2","147","0",6310
"1",0,"2","148","0",56
"2",82,"2","148","0",86
"3",246,"2","148","0",714
"4",505,"2","148","0",2010
"5",901,"2","148","0",7420
"1",0,"4","149","0",90
"2",82,"4","149","0",113
"3",246,"4","149","0",998
"4",505,"4","149","0",3980
"5",901,"4","149","0",5880
"1",0,"3","150","0",72
"2",82,"3","150","0",90
"3",246,"3","150","0",684
"4",505,"3","150","0",2080
"5",901,"3","150","0",7110
"1",0,"4","151","1",49
"2",82,"4","151","1",67
"3",246,"4","151","1",628
"4",505,"4","151","1",1060
"5",901,"4","151","1",3350
"1",0,"3","152","0",43
"2",82,"3","152","0",51
"3",246,"3","152","0",428
"4",505,"3","152","0",1270
"5",901,"3","152","0",4390
"1",0,"1","153","0",54
"2",82,"1","153","0",71
"3",246,"1","153","0",606
"4",505,"1","153","0",1830
"5",901,"1","153","0",6280
"1",0,"4","154","1",58
"2",82,"4","154","1",75
"3",246,"4","154","1",604
"4",505,"4","154","1",2000
"5",901,"4","154","1",4730
"1",0,"4","155","0",52
"2",82,"4","155","0",64
"3",246,"4","155","0",564
"4",505,"4","155","0",1780
"5",901,"4","155","0",6010
"1",0,"1","156","0",71
"2",82,"1","156","0",111
"3",246,"1","156","0",768
"4",505,"1","156","0",1460
"5",901,"1","156","0",6090
"1",0,"2","157","0",63
"2",82,"2","157","0",84
"3",246,"2","157","0",798
"4",505,"2","157","0",2230
"5",901,"2","157","0",3950
"1",0,"1","158","0",46
"2",82,"1","158","0",65
"3",246,"1","158","0",648
"4",505,"1","158","0",1390
"5",901,"1","158","0",6630
"1",0,"3","159","0",91
"2",82,"3","159","0",111
"3",246,"3","159","0",856
"4",505,"3","159","0",2680
"5",901,"3","159","0",6940
"1",0,"2","160","1",50
"2",82,"2","160","1",61
"3",246,"2","160","1",690
"4",505,"2","160","1",1620
"5",901,"2","160","1",5300
"1",0,"4","161","0",70
"2",82,"4","161","0",98
"3",246,"4","161","0",728
"4",505,"4","161","0",2360
"5",901,"4","161","0",5840
"1",0,"2","162","0",43
"2",82,"2","162","0",66
"3",246,"2","162","0",592
"4",505,"2","162","0",1890
"5",901,"2","162","0",6570
"1",0,"1","163","0",52
"2",82,"1","163","0",78
"3",246,"1","163","0",750
"4",505,"1","163","0",1980
"5",901,"1","163","0",5770
"1",0,"2","164","0",46
"2",82,"2","164","0",64
"3",246,"2","164","0",620
"4",505,"2","164","0",1840
"5",901,"2","164","0",6800
"1",0,"3","165","0",83
"2",82,"3","165","0",111
"3",246,"3","165","0",890
"4",505,"3","165","0",2270
"5",901,"3","165","0",5800
"1",0,"1","166","1",62
"2",82,"1","166","1",79
"3",246,"1","166","1",684
"4",505,"1","166","1",1940
"5",901,"1","166","1",5610
"1",0,"4","167","0",49
"2",82,"4","167","0",62
"3",246,"4","167","0",520
"4",505,"4","167","0",1410
"5",901,"4","167","0",5060
"1",0,"3","168","0",68
"2",82,"3","168","0",92
"3",246,"3","168","0",835
"4",505,"3","168","0",2480
"5",901,"3","168","0",6950
"1",0,"2","169","0",60
"2",82,"2","169","0",81
"3",246,"2","169","0",582
"4",505,"2","169","0",1730
"5",901,"2","169","0",4980
"1",0,"2","170","1",58
"2",82,"2","170","1",83
"3",246,"2","170","1",600
"4",505,"2","170","1",2080
"5",901,"2","170","1",6280
"1",0,"3","171","1",68
"2",82,"3","171","1",85
"3",246,"3","171","1",538
"4",505,"3","171","1",1850
"5",901,"3","171","1",4380
"1",0,"3","172","0",42
"2",82,"3","172","0",56
"3",246,"3","172","0",648
"4",505,"3","172","0",1390
"5",901,"3","172","0",3940
"1",0,"2","173","0",49
"2",82,"2","173","0",69
"3",246,"2","173","0",420
"4",505,"2","173","0",920
"5",901,"2","173","0",3910
"1",0,"3","174","0",73
"2",82,"3","174","0",100
"3",246,"3","174","0",656
"4",505,"3","174","0",1690
"5",901,"3","174","0",5520
"1",0,"2","175","0",63
"2",82,"2","175","0",80
"3",246,"2","175","0",565
"4",505,"2","175","0",1160
"5",901,"2","175","0",4730
"1",0,"4","176","0",55
"2",82,"4","176","0",71
"3",246,"4","176","0",542
"4",505,"4","176","0",1300
"5",901,"4","176","0",4160
"1",0,"4","177","0",69
"2",82,"4","177","0",82
"3",246,"4","177","0",688
"4",505,"4","177","0",2180
"5",901,"4","177","0",6700
"1",0,"4","178","0",59
"2",82,"4","178","0",79
"3",246,"4","178","0",770
"4",505,"4","178","0",2240
"5",901,"4","178","0",8260
"1",0,"4","179","0",54
"2",82,"4","179","0",68
"3",246,"4","179","0",580
"4",505,"4","179","0",1500
"5",901,"4","179","0",4250
"1",0,"3","180","0",65
"2",82,"3","180","0",89
"3",246,"3","180","0",705
"4",505,"3","180","0",2480
"5",901,"3","180","0",7890
"1",0,"1","181","1",58
"2",82,"1","181","1",78
"3",246,"1","181","1",610
"4",505,"1","181","1",1850
"5",901,"1","181","1",5270
"1",0,"4","182","1",47
"2",82,"4","182","1",74
"3",246,"4","182","1",768
"4",505,"4","182","1",2040
"5",901,"4","182","1",6730
"1",0,"3","183","0",63
"2",82,"3","183","0",81
"3",246,"3","183","0",715
"4",505,"3","183","0",1750
"5",901,"3","183","0",5030
"1",0,"2","184","0",40
"2",82,"2","184","0",63
"3",246,"2","184","0",602
"4",505,"2","184","0",1640
"5",901,"2","184","0",5340
"1",0,"2","185","0",58
"2",82,"2","185","0",71
"3",246,"2","185","0",672
"4",505,"2","185","0",2200
"5",901,"2","185","0",6190
"1",0,"3","186","0",71
"2",82,"3","186","0",87
"3",246,"3","186","0",822
"4",505,"3","186","0",2180
"5",901,"3","186","0",7980
"1",0,"4","187","1",55
"2",82,"4","187","1",75
"3",246,"4","187","1",618
"4",505,"4","187","1",1730
"5",901,"4","187","1",3260
"1",0,"4","188","0",46
"2",82,"4","188","0",65
"3",246,"4","188","0",525
"4",505,"4","188","0",1740
"5",901,"4","188","0",3630
"1",0,"2","189","0",69
"2",82,"2","189","0",84
"3",246,"2","189","0",725
"4",505,"2","189","0",2050
"5",901,"2","189","0",5670
"1",0,"4","190","0",55
"2",82,"4","190","0",74
"3",246,"4","190","0",688
"4",505,"4","190","0",1910
"5",901,"4","190","0",6460
"1",0,"1","191","0",91
"2",82,"1","191","0",113
"3",246,"1","191","0",818
"4",505,"1","191","0",2810
"5",901,"1","191","0",7350
"1",0,"4","192","0",65
"2",82,"4","192","0",72
"3",246,"4","192","0",672
"4",505,"4","192","0",1590
"5",901,"4","192","0",4690
"1",0,"1","193","0",52
"2",82,"1","193","0",67
"3",246,"1","193","0",514
"4",505,"1","193","0",1560
"5",901,"1","193","0",5010
"1",0,"4","194","0",60
"2",82,"4","194","0",83
"3",246,"4","194","0",712
"4",505,"4","194","0",1580
"5",901,"4","194","0",3360
"1",0,"4","195","0",54
"2",82,"4","195","0",71
"3",246,"4","195","0",638
"4",505,"4","195","0",1630
"5",901,"4","195","0",5260
"1",0,"1","196","0",69
"2",82,"1","196","0",86
"3",246,"1","196","0",560
"4",505,"1","196","0",2180
"5",901,"1","196","0",6760
"1",0,"1","197","0",43
"2",82,"1","197","0",58
"3",246,"1","197","0",582
"4",505,"1","197","0",1880
"5",901,"1","197","0",5450
"1",0,"4","198","0",81
"2",82,"4","198","0",100
"3",246,"4","198","0",842
"4",505,"4","198","0",2720
"5",901,"4","198","0",7020
"1",0,"2","199","0",48
"2",82,"2","199","0",63
"3",246,"2","199","0",768
"4",505,"2","199","0",2130
"5",901,"2","199","0",5880
"1",0,"2","200","0",52
"2",82,"2","200","0",66
"3",246,"2","200","0",615
"4",505,"2","200","0",1380
"5",901,"2","200","0",4090
"1",0,"3","201","0",45
"2",82,"3","201","0",60
"3",246,"3","201","0",518
"4",505,"3","201","0",1310
"5",901,"3","201","0",3930
"1",0,"2","202","0",68
"2",82,"2","202","0",95
"3",246,"2","202","0",740
"4",505,"2","202","0",2120
"5",901,"2","202","0",6400
"1",0,"3","203","0",64
"2",82,"3","203","0",85
"3",246,"3","203","0",565
"4",505,"3","203","0",1260
"5",901,"3","203","0",5830
"1",0,"1","204","0",88
"2",82,"1","204","0",121
"3",246,"1","204","0",828
"4",505,"1","204","0",2890
"5",901,"1","204","0",6680
"1",0,"4","205","0",48
"2",82,"4","205","0",52
"3",246,"4","205","0",596
"4",505,"4","205","0",1780
"5",901,"4","205","0",6170
"1",0,"2","206","0",76
"2",82,"2","206","0",105
"3",246,"2","206","0",708
"4",505,"2","206","0",2290
"5",901,"2","206","0",6540
"1",0,"3","207","0",70
"2",82,"3","207","0",89
"3",246,"3","207","0",562
"4",505,"3","207","0",1880
"5",901,"3","207","0",7360
"1",0,"2","208","0",59
"2",82,"2","208","0",75
"3",246,"2","208","0",676
"4",505,"2","208","0",1710
"5",901,"2","208","0",4320
"1",0,"1","209","0",54
"2",82,"1","209","0",63
"3",246,"1","209","0",532
"4",505,"1","209","0",1600
"5",901,"1","209","0",4750
"1",0,"3","210","0",60
"2",82,"3","210","0",75
"3",246,"3","210","0",716
"4",505,"3","210","0",2270
"5",901,"3","210","0",6870
"1",0,"3","211","1",63
"2",82,"3","211","1",80
"3",246,"3","211","1",585
"4",505,"3","211","1",1660
"5",901,"3","211","1",4150
"1",0,"3","212","0",71
"2",82,"3","212","0",85
"3",246,"3","212","0",570
"4",505,"3","212","0",1770
"5",901,"3","212","0",8390
"1",0,"1","213","0",49
"2",82,"1","213","0",65
"3",246,"1","213","0",630
"4",505,"1","213","0",1660
"5",901,"1","213","0",5430
"1",0,"3","214","0",51
"2",82,"3","214","0",84
"3",246,"3","214","0",738
"4",505,"3","214","0",2000
"5",901,"3","214","0",6450
"1",0,"4","215","0",71
"2",82,"4","215","0",89
"3",246,"4","215","0",734
"4",505,"4","215","0",1980
"5",901,"4","215","0",7900
"1",0,"1","216","0",60
"2",82,"1","216","0",91
"3",246,"1","216","0",685
"4",505,"1","216","0",1880
"5",901,"1","216","0",5900
"1",0,"2","217","0",87
"2",82,"2","217","0",115
"3",246,"2","217","0",785
"4",505,"2","217","0",2390
"5",901,"2","217","0",4990
"1",0,"2","218","0",71
"2",82,"2","218","0",98
"3",246,"2","218","0",668
"4",505,"2","218","0",2450
"5",901,"2","218","0",3530
"1",0,"2","219","0",62
"2",82,"2","219","0",90
"3",246,"2","219","0",845
"4",505,"2","219","0",2570
"5",901,"2","219","0",6570
"1",0,"4","220","0",57
"2",82,"4","220","0",73
"3",246,"4","220","0",724
"4",505,"4","220","0",2500
"5",901,"4","220","0",4260
"1",0,"3","221","0",77
"2",82,"3","221","0",93
"3",246,"3","221","0",660
"4",505,"3","221","0",2080
"5",901,"3","221","0",6470
"1",0,"3","222","0",75
"2",82,"3","222","0",98
"3",246,"3","222","0",845
"4",505,"3","222","0",2970
"5",901,"3","222","0",6850
"1",0,"4","223","0",47
"2",82,"4","223","0",62
"3",246,"4","223","0",644
"4",505,"4","223","0",1530
"5",901,"4","223","0",5180
"1",0,"4","224","0",46
"2",82,"4","224","0",67
"3",246,"4","224","0",670
"4",505,"4","224","0",1490
"5",901,"4","224","0",3870
"1",0,"4","225","1",39
"2",82,"4","225","1",46
"3",246,"4","225","1",480
"4",505,"4","225","1",1070
"5",901,"4","225","1",4180
"1",0,"4","226","0",56
"2",82,"4","226","0",110
"3",246,"4","226","0",686
"4",505,"4","226","0",2340
"5",901,"4","226","0",6810
"1",0,"4","227","0",76
"2",82,"4","227","0",90
"3",246,"4","227","0",660
"4",505,"4","227","0",1840
"5",901,"4","227","0",6720
"1",0,"1","228","0",73
"2",82,"1","228","0",107
"3",246,"1","228","0",858
"4",505,"1","228","0",2880
"5",901,"1","228","0",7420
"1",0,"3","229","0",71
"2",82,"3","229","0",104
"3",246,"3","229","0",800
"4",505,"3","229","0",2080
"5",901,"3","229","0",6050
"1",0,"3","230","0",62
"2",82,"3","230","0",66
"3",246,"3","230","0",572
"4",505,"3","230","0",1630
"5",901,"3","230","0",6540
"1",0,"1","231","0",66
"2",82,"1","231","0",92
"3",246,"1","231","0",794
"4",505,"1","231","0",1910
"5",901,"1","231","0",6520
"1",0,"3","232","0",64
"2",82,"3","232","0",84
"3",246,"3","232","0",645
"4",505,"3","232","0",1650
"5",901,"3","232","0",5390
"1",0,"1","233","0",79
"2",82,"1","233","0",104
"3",246,"1","233","0",795
"4",505,"1","233","0",2000
"5",901,"1","233","0",6360
"1",0,"4","234","0",64
"2",82,"4","234","0",82
"3",246,"4","234","0",630
"4",505,"4","234","0",1820
"5",901,"4","234","0",5850
"1",0,"2","235","0",58
"2",82,"2","235","0",73
"3",246,"2","235","0",692
"4",505,"2","235","0",1980
"5",901,"2","235","0",7690
"1",0,"2","236","0",75
"2",82,"2","236","0",99
"3",246,"2","236","0",824
"4",505,"2","236","0",2400
"5",901,"2","236","0",6490
"1",0,"4","237","0",48
"2",82,"4","237","0",67
"3",246,"4","237","0",570
"4",505,"4","237","0",1620
"5",901,"4","237","0",6950
"1",0,"3","238","0",33
"2",82,"3","238","0",55
"3",246,"3","238","0",568
"4",505,"3","238","0",1330
"5",901,"3","238","0",3670
"1",0,"2","239","0",45
"2",82,"2","239","0",54
"3",246,"2","239","0",528
"4",505,"2","239","0",1460
"5",901,"2","239","0",6070
"1",0,"3","240","0",73
"2",82,"3","240","0",104
"3",246,"3","240","0",820
"4",505,"3","240","0",2560
"5",901,"3","240","0",6330
"1",0,"1","241","0",60
"2",82,"1","241","0",78
"3",246,"1","241","0",698
"4",505,"1","241","0",1640
"5",901,"1","241","0",5940
"1",0,"1","242","0",64
"2",82,"1","242","0",81
"3",246,"1","242","0",758
"4",505,"1","242","0",1920
"5",901,"1","242","0",6640
"1",0,"2","243","0",51
"2",82,"2","243","0",64
"3",246,"2","243","0",574
"4",505,"2","243","0",1580
"5",901,"2","243","0",5020
"1",0,"2","244","1",59
"2",82,"2","244","1",76
"3",246,"2","244","1",808
"4",505,"2","244","1",1840
"5",901,"2","244","1",1870
"1",0,"4","245","0",69
"2",82,"4","245","0",75
"3",246,"4","245","0",605
"4",505,"4","245","0",2590
"5",901,"4","245","0",8270
"1",0,"2","246","1",62
"2",82,"2","246","1",76
"3",246,"2","246","1",542
"4",505,"2","246","1",1270
"5",901,"2","246","1",3280
"1",0,"2","247","0",46
"2",82,"2","247","0",73
"3",246,"2","247","0",642
"4",505,"2","247","0",2000
"5",901,"2","247","0",6130
"1",0,"1","248","0",51
"2",82,"1","248","0",61
"3",246,"1","248","0",568
"4",505,"1","248","0",1690
"5",901,"1","248","0",4680
"1",0,"2","249","0",69
"2",82,"2","249","0",98
"3",246,"2","249","0",880
"4",505,"2","249","0",2390
"5",901,"2","249","0",8800
"1",0,"4","250","0",63
"2",82,"4","250","0",67
"3",246,"4","250","0",525
"4",505,"4","250","0",1480
"5",901,"4","250","0",4900
"1",0,"2","251","0",65
"2",82,"2","251","0",81
"3",246,"2","251","0",740
"4",505,"2","251","0",1960
"5",901,"2","251","0",6250
"1",0,"1","252","0",54
"2",82,"1","252","0",83
"3",246,"1","252","0",588
"4",505,"1","252","0",1700
"5",901,"1","252","0",5390
"1",0,"3","253","0",80
"2",82,"3","253","0",118
"3",246,"3","253","0",945
"4",505,"3","253","0",2280
"5",901,"3","253","0",5680
"1",0,"3","254","0",70
"2",82,"3","254","0",99
"3",246,"3","254","0",905
"4",505,"3","254","0",2500
"5",901,"3","254","0",7660
"1",0,"1","255","1",58
"2",82,"1","255","1",77
"3",246,"1","255","1",550
"4",505,"1","255","1",1120
"5",901,"1","255","1",3230
"1",0,"4","256","0",48
"2",82,"4","256","0",66
"3",246,"4","256","0",520
"4",505,"4","256","0",1310
"5",901,"4","256","0",5530
"1",0,"1","257","0",63
"2",82,"1","257","0",84
"3",246,"1","257","0",598
"4",505,"1","257","0",1610
"5",901,"1","257","0",5560
"1",0,"1","258","0",57
"2",82,"1","258","0",77
"3",246,"1","258","0",688
"4",505,"1","258","0",1840
"5",901,"1","258","0",5040
"1",0,"4","259","0",57
"2",82,"4","259","0",75
"3",246,"4","259","0",712
"4",505,"4","259","0",1910
"5",901,"4","259","0",6350
"1",0,"4","260","0",53
"2",82,"4","260","0",64
"3",246,"4","260","0",450
"4",505,"4","260","0",1520
"5",901,"4","260","0",4780
"1",0,"1","261","0",65
"2",82,"1","261","0",85
"3",246,"1","261","0",724
"4",505,"1","261","0",2220
"5",901,"1","261","0",7220
"1",0,"3","262","0",66
"2",82,"3","262","0",89
"3",246,"3","262","0",828
"4",505,"3","262","0",2340
"5",901,"3","262","0",5390
"1",0,"4","263","0",55
"2",82,"4","263","0",66
"3",246,"4","263","0",798
"4",505,"4","263","0",2680
"5",901,"4","263","0",9740
"1",0,"2","264","0",49
"2",82,"2","264","0",59
"3",246,"2","264","0",602
"4",505,"2","264","0",1680
"5",901,"2","264","0",6130
"1",0,"3","265","1",65
"2",82,"3","265","1",86
"3",246,"3","265","1",942
"4",505,"3","265","1",2110
"5",901,"3","265","1",9810
"1",0,"4","266","0",38
"2",82,"4","266","0",51
"3",246,"4","266","0",628
"4",505,"4","266","0",1680
"5",901,"4","266","0",5070
"1",0,"3","267","0",49
"2",82,"3","267","0",66
"3",246,"3","267","0",590
"4",505,"3","267","0",2000
"5",901,"3","267","0",6480
"1",0,"4","268","0",57
"2",82,"4","268","0",74
"3",246,"4","268","0",530
"4",505,"4","268","0",1520
"5",901,"4","268","0",5560
"1",0,"1","269","0",62
"2",82,"1","269","0",78
"3",246,"1","269","0",690
"4",505,"1","269","0",2280
"5",901,"1","269","0",6060
"1",0,"1","270","0",72
"2",82,"1","270","0",91
"3",246,"1","270","0",678
"4",505,"1","270","0",1770
"5",901,"1","270","0",6850
"1",0,"3","271","0",72
"2",82,"3","271","0",87
"3",246,"3","271","0",628
"4",505,"3","271","0",1780
"5",901,"3","271","0",4990
"1",0,"3","272","0",65
"2",82,"3","272","0",83
"3",246,"3","272","0",725
"4",505,"3","272","0",2120
"5",901,"3","272","0",7270
"1",0,"3","273","0",57
"2",82,"3","273","0",80
"3",246,"3","273","0",898
"4",505,"3","273","0",2460
"5",901,"3","273","0",6800
"1",0,"4","274","0",43
"2",82,"4","274","0",56
"3",246,"4","274","0",640
"4",505,"4","274","0",1480
"5",901,"4","274","0",3910
"1",0,"3","275","1",44
"2",82,"3","275","1",59
"3",246,"3","275","1",578
"4",505,"3","275","1",1330
"5",901,"3","275","1",3470
"1",0,"1","276","0",53
"2",82,"1","276","0",73
"3",246,"1","276","0",565
"4",505,"1","276","0",1480
"5",901,"1","276","0",4450
"1",0,"1","277","0",69
"2",82,"1","277","0",91
"3",246,"1","277","0",900
"4",505,"1","277","0",2660
"5",901,"1","277","0",7320
"1",0,"1","278","0",52
"2",82,"1","278","0",68
"3",246,"1","278","0",548
"4",505,"1","278","0",1800
"5",901,"1","278","0",5450
"1",0,"4","279","0",57
"2",82,"4","279","0",77
"3",246,"4","279","0",620
"4",505,"4","279","0",1260
"5",901,"4","279","0",3110
"1",0,"4","280","0",54
"2",82,"4","280","0",68
"3",246,"4","280","0",618
"4",505,"4","280","0",1580
"5",901,"4","280","0",4380
"1",0,"2","281","0",72
"2",82,"2","281","0",93
"3",246,"2","281","0",810
"4",505,"2","281","0",2170
"5",901,"2","281","0",7610
"1",0,"4","282","0",64
"2",82,"4","282","0",73
"3",246,"4","282","0",764
"4",505,"4","282","0",2200
"5",901,"4","282","0",5730
"1",0,"2","283","0",54
"2",82,"2","283","0",77
"3",246,"2","283","0",745
"4",505,"2","283","0",1560
"5",901,"2","283","0",5750
"1",0,"1","284","0",46
"2",82,"1","284","0",68
"3",246,"1","284","0",688
"4",505,"1","284","0",1930
"5",901,"1","284","0",8960
"1",0,"3","285","0",45
"2",82,"3","285","0",64
"3",246,"3","285","0",494
"4",505,"3","285","0",1680
"5",901,"3","285","0",5380
"1",0,"2","286","0",79
"2",82,"2","286","0",102
"3",246,"2","286","0",786
"4",505,"2","286","0",1680
"5",901,"2","286","0",7260
"1",0,"4","287","0",53
"2",82,"4","287","0",68
"3",246,"4","287","0",738
"4",505,"4","287","0",2180
"5",901,"4","287","0",6680
"1",0,"4","288","0",57
"2",82,"4","288","0",78
"3",246,"4","288","0",588
"4",505,"4","288","0",1610
"5",901,"4","288","0",4230
"1",0,"1","289","0",61
"2",82,"1","289","0",80
"3",246,"1","289","0",708
"4",505,"1","289","0",1350
"5",901,"1","289","0",5120
"1",0,"3","290","0",63
"2",82,"3","290","0",90
"3",246,"3","290","0",666
"4",505,"3","290","0",1910
"5",901,"3","290","0",5500
"1",0,"1","291","0",52
"2",82,"1","291","0",76
"3",246,"1","291","0",688
"4",505,"1","291","0",1900
"5",901,"1","291","0",6300
"1",0,"4","292","1",78
"2",82,"4","292","1",80
"3",246,"4","292","1",685
"4",505,"4","292","1",1620
"5",901,"4","292","1",4380
"1",0,"1","293","0",53
"2",82,"1","293","0",68
"3",246,"1","293","0",460
"4",505,"1","293","0",1230
"5",901,"1","293","0",5470
"1",0,"2","294","0",49
"2",82,"2","294","0",60
"3",246,"2","294","0",500
"4",505,"2","294","0",1350
"5",901,"2","294","0",5770
"1",0,"3","295","0",66
"2",82,"3","295","0",82
"3",246,"3","295","0",562
"4",505,"3","295","0",1650
"5",901,"3","295","0",7500
"1",0,"2","296","0",58
"2",82,"2","296","0",85
"3",246,"2","296","0",720
"4",505,"2","296","0",1770
"5",901,"2","296","0",5540
"1",0,"3","297","0",72
"2",82,"3","297","0",95
"3",246,"3","297","0",895
"4",505,"3","297","0",3370
"5",901,"3","297","0",5030
"1",0,"2","298","0",52
"2",82,"2","298","0",61
"3",246,"2","298","0",568
"4",505,"2","298","0",1280
"5",901,"2","298","0",3450
"1",0,"2","299","0",67
"2",82,"2","299","0",88
"3",246,"2","299","0",838
"4",505,"2","299","0",2280
"5",901,"2","299","0",7420
"1",0,"1","300","0",64
"2",82,"1","300","0",89
"3",246,"1","300","0",548
"4",505,"1","300","0",1830
"5",901,"1","300","0",6830
"1",0,"1","301","0",50
"2",82,"1","301","0",58
"3",246,"1","301","0",592
"4",505,"1","301","0",1620
"5",901,"1","301","0",5600
"1",0,"3","302","0",58
"2",82,"3","302","0",61
"3",246,"3","302","0",618
"4",505,"3","302","0",1610
"5",901,"3","302","0",5890
"1",0,"3","303","0",54
"2",82,"3","303","0",75
"3",246,"3","303","0",834
"4",505,"3","303","0",2370
"5",901,"3","303","0",7750
"1",0,"2","304","0",70
"2",82,"2","304","0",88
"3",246,"2","304","0",732
"4",505,"2","304","0",2670
"5",901,"2","304","0",4480
"1",0,"4","305","0",53
"2",82,"4","305","0",81
"3",246,"4","305","0",756
"4",505,"4","305","0",2720
"5",901,"4","305","0",6800
"1",0,"4","306","0",58
"2",82,"4","306","0",70
"3",246,"4","306","0",634
"4",505,"4","306","0",1490
"5",901,"4","306","0",3840
"1",0,"2","307","0",55
"2",82,"2","307","0",72
"3",246,"2","307","0",668
"4",505,"2","307","0",1820
"5",901,"2","307","0",6160
"1",0,"4","308","0",65
"2",82,"4","308","0",83
"3",246,"4","308","0",632
"4",505,"4","308","0",1680
"5",901,"4","308","0",5170
"1",0,"2","309","0",62
"2",82,"2","309","0",79
"3",246,"2","309","0",755
"4",505,"2","309","0",2020
"5",901,"2","309","0",2840
"1",0,"2","310","1",60
"2",82,"2","310","1",73
"3",246,"2","310","1",500
"4",505,"2","310","1",990
"5",901,"2","310","1",4080
"1",0,"4","311","0",41
"2",82,"4","311","0",47
"3",246,"4","311","0",628
"4",505,"4","311","0",1240
"5",901,"4","311","0",3710
"1",0,"2","312","1",60
"2",82,"2","312","1",81
"3",246,"2","312","1",506
"4",505,"2","312","1",1320
"5",901,"2","312","1",2230
"1",0,"4","313","0",76
"2",82,"4","313","0",97
"3",246,"4","313","0",768
"4",505,"4","313","0",2050
"5",901,"4","313","0",6210
"1",0,"2","314","0",68
"2",82,"2","314","0",87
"3",246,"2","314","0",618
"4",505,"2","314","0",1990
"5",901,"2","314","0",6140
"1",0,"4","315","0",46
"2",82,"4","315","0",58
"3",246,"4","315","0",564
"4",505,"4","315","0",2270
"5",901,"4","315","0",8580
"1",0,"1","316","0",66
"2",82,"1","316","0",80
"3",246,"1","316","0",554
"4",505,"1","316","0",1620
"5",901,"1","316","0",6370
"1",0,"2","317","0",73
"2",82,"2","317","0",92
"3",246,"2","317","0",598
"4",505,"2","317","0",1380
"5",901,"2","317","0",5000
"1",0,"3","318","1",54
"2",82,"3","318","1",65
"3",246,"3","318","1",644
"4",505,"3","318","1",2080
"5",901,"3","318","1",8410
"1",0,"1","319","0",56
"2",82,"1","319","0",72
"3",246,"1","319","0",598
"4",505,"1","319","0",1990
"5",901,"1","319","0",7230
"1",0,"1","320","0",68
"2",82,"1","320","0",90
"3",246,"1","320","0",666
"4",505,"1","320","0",2560
"5",901,"1","320","0",7310
"1",0,"1","321","0",63
"2",82,"1","321","0",79
"3",246,"1","321","0",768
"4",505,"1","321","0",2150
"5",901,"1","321","0",7010
"1",0,"3","322","0",64
"2",82,"3","322","0",84
"3",246,"3","322","0",736
"4",505,"3","322","0",1830
"5",901,"3","322","0",6220
"1",0,"3","323","1",57
"2",82,"3","323","1",74
"3",246,"3","323","1",694
"4",505,"3","323","1",1730
"5",901,"3","323","1",7150
"1",0,"3","324","1",79
"2",82,"3","324","1",97
"3",246,"3","324","1",882
"4",505,"3","324","1",1740
"5",901,"3","324","1",5280
"1",0,"2","325","0",84
"2",82,"2","325","0",119
"3",246,"2","325","0",968
"4",505,"2","325","0",2390
"5",901,"2","325","0",6310
"1",0,"2","326","0",56
"2",82,"2","326","0",65
"3",246,"2","326","0",670
"4",505,"2","326","0",1680
"5",901,"2","326","0",6020
"1",0,"3","327","0",57
"2",82,"3","327","0",81
"3",246,"3","327","0",628
"4",505,"3","327","0",1930
"5",901,"3","327","0",6780
"1",0,"3","328","0",73
"2",82,"3","328","0",97
"3",246,"3","328","0",906
"4",505,"3","328","0",2950
"5",901,"3","328","0",5530
"1",0,"2","329","0",63
"2",82,"2","329","0",84
"3",246,"2","329","0",660
"4",505,"2","329","0",1680
"5",901,"2","329","0",4440
"1",0,"2","330","0",47
"2",82,"2","330","0",59
"3",246,"2","330","0",565
"4",505,"2","330","0",1380
"5",901,"2","330","0",3990
"1",0,"2","331","0",80
"2",82,"2","331","0",101
"3",246,"2","331","0",940
"4",505,"2","331","0",3540
"5",901,"2","331","0",4700
"1",0,"4","332","1",60
"2",82,"4","332","1",70
"3",246,"4","332","1",609
"4",505,"4","332","1",1280
"5",901,"4","332","1",4960
"1",0,"1","333","0",67
"2",82,"1","333","0",83
"3",246,"1","333","0",779
"4",505,"1","333","0",2240
"5",901,"1","333","0",5740
"1",0,"3","334","0",52
"2",82,"3","334","0",71
"3",246,"3","334","0",610
"4",505,"3","334","0",1440
"5",901,"3","334","0",5350
"1",0,"1","335","0",62
"2",82,"1","335","0",80
"3",246,"1","335","0",654
"4",505,"1","335","0",1200
"5",901,"1","335","0",5830
"1",0,"3","336","0",57
"2",82,"3","336","0",60
"3",246,"3","336","0",588
"4",505,"3","336","0",1340
"5",901,"3","336","0",6780
"1",0,"1","337","0",60
"2",82,"1","337","0",83
"3",246,"1","337","0",638
"4",505,"1","337","0",1780
"5",901,"1","337","0",6280
"1",0,"4","338","0",76
"2",82,"4","338","0",109
"3",246,"4","338","0",994
"4",505,"4","338","0",2780
"5",901,"4","338","0",7490
"1",0,"4","339","0",66
"2",82,"4","339","0",88
"3",246,"4","339","0",680
"4",505,"4","339","0",1540
"5",901,"4","339","0",5820
"1",0,"2","340","0",59
"2",82,"2","340","0",63
"3",246,"2","340","0",608
"4",505,"2","340","0",2390
"5",901,"2","340","0",8790
"1",0,"1","341","0",60
"2",82,"1","341","0",68
"3",246,"1","341","0",610
"4",505,"1","341","0",1830
"5",901,"1","341","0",4350
"1",0,"4","342","0",62
"2",82,"4","342","0",87
"3",246,"4","342","0",692
"4",505,"4","342","0",1940
"5",901,"4","342","0",6320
"1",0,"3","343","0",51
"2",82,"3","343","0",71
"3",246,"3","343","0",535
"4",505,"3","343","0",1700
"5",901,"3","343","0",6740
"1",0,"2","344","0",52
"2",82,"2","344","0",66
"3",246,"2","344","0",584
"4",505,"2","344","0",1560
"5",901,"2","344","0",5830
"1",0,"2","345","0",78
"2",82,"2","345","0",105
"3",246,"2","345","0",888
"4",505,"2","345","0",2460
"5",901,"2","345","0",7000
"1",0,"3","346","1",59
"2",82,"3","346","1",70
"3",246,"3","346","1",358
"4",505,"3","346","1",1190
"5",901,"3","346","1",3410
"1",0,"4","347","0",67
"2",82,"4","347","0",94
"3",246,"4","347","0",790
"4",505,"4","347","0",2770
"5",901,"4","347","0",7540
"1",0,"1","348","0",59
"2",82,"1","348","0",72
"3",246,"1","348","0",686
"4",505,"1","348","0",1380
"5",901,"1","348","0",3930
"1",0,"2","349","0",77
"2",82,"2","349","0",109
"3",246,"2","349","0",910
"4",505,"2","349","0",2820
"5",901,"2","349","0",7290
"1",0,"4","350","0",53
"2",82,"4","350","0",68
"3",246,"4","350","0",428
"4",505,"4","350","0",960
"5",901,"4","350","0",3270
"1",0,"2","351","0",53
"2",82,"2","351","0",58
"3",246,"2","351","0",512
"4",505,"2","351","0",1260
"5",901,"2","351","0",4280
"1",0,"1","352","0",51
"2",82,"1","352","0",65
"3",246,"1","352","0",595
"4",505,"1","352","0",1720
"5",901,"1","352","0",6020
"1",0,"1","353","0",81
"2",82,"1","353","0",113
"3",246,"1","353","0",786
"4",505,"1","353","0",2400
"5",901,"1","353","0",3380
"1",0,"4","354","0",74
"2",82,"4","354","0",95
"3",246,"4","354","0",800
"4",505,"4","354","0",2230
"5",901,"4","354","0",7190
"1",0,"3","355","0",60
"2",82,"3","355","0",76
"3",246,"3","355","0",512
"4",505,"3","355","0",1300
"5",901,"3","355","0",6010
"1",0,"2","356","0",79
"2",82,"2","356","0",75
"3",246,"2","356","0",795
"4",505,"2","356","0",2320
"5",901,"2","356","0",6570
"1",0,"3","357","0",68
"2",82,"3","357","0",88
"3",246,"3","357","0",684
"4",505,"3","357","0",1650
"5",901,"3","357","0",6620
"1",0,"3","358","0",65
"2",82,"3","358","0",87
"3",246,"3","358","0",628
"4",505,"3","358","0",1480
"5",901,"3","358","0",3190
"1",0,"4","359","0",53
"2",82,"4","359","0",62
"3",246,"4","359","0",438
"4",505,"4","359","0",1160
"5",901,"4","359","0",4170
"1",0,"1","360","0",45
"2",82,"1","360","0",59
"3",246,"1","360","0",504
"4",505,"1","360","0",1820
"5",901,"1","360","0",5100
"1",0,"3","361","0",53
"2",82,"3","361","0",89
"3",246,"3","361","0",998
"4",505,"3","361","0",3100
"5",901,"3","361","0",6140
"1",0,"1","362","1",52
"2",82,"1","362","1",47
"3",246,"1","362","1",295
"4",505,"1","362","1",1880
"5",901,"1","362","1",2850
"1",0,"4","363","0",57
"2",82,"4","363","0",69
"3",246,"4","363","0",485
"4",505,"4","363","0",1380
"5",901,"4","363","0",5160
"1",0,"3","364","1",93
"2",82,"3","364","1",119
"3",246,"3","364","1",802
"4",505,"3","364","1",2380
"5",901,"3","364","1",7010
"1",0,"3","365","0",62
"2",82,"3","365","0",75
"3",246,"3","365","0",614
"4",505,"3","365","0",2340
"5",901,"3","365","0",6230
"1",0,"2","366","0",54
"2",82,"2","366","0",67
"3",246,"2","366","0",488
"4",505,"2","366","0",1290
"5",901,"2","366","0",4320
"1",0,"4","367","1",64
"2",82,"4","367","1",84
"3",246,"4","367","1",932
"4",505,"4","367","1",2870
"5",901,"4","367","1",5960
"1",0,"1","368","0",64
"2",82,"1","368","0",76
"3",246,"1","368","0",678
"4",505,"1","368","0",1970
"5",901,"1","368","0",5750
"1",0,"2","369","0",61
"2",82,"2","369","0",78
"3",246,"2","369","0",654
"4",505,"2","369","0",2050
"5",901,"2","369","0",8440
"1",0,"1","370","0",61
"2",82,"1","370","0",83
"3",246,"1","370","0",815
"4",505,"1","370","0",3480
"5",901,"1","370","0",7560
"1",0,"4","371","0",56
"2",82,"4","371","0",70
"3",246,"4","371","0",668
"4",505,"4","371","0",2160
"5",901,"4","371","0",6370
"1",0,"3","372","0",63
"2",82,"3","372","0",73
"3",246,"3","372","0",704
"4",505,"3","372","0",2710
"5",901,"3","372","0",3050
"1",0,"1","373","0",64
"2",82,"1","373","0",81
"3",246,"1","373","0",636
"4",505,"1","373","0",2110
"5",901,"1","373","0",6310
"1",0,"1","374","0",47
"2",82,"1","374","0",68
"3",246,"1","374","0",565
"4",505,"1","374","0",2130
"5",901,"1","374","0",3810
"1",0,"4","375","0",79
"2",82,"4","375","0",99
"3",246,"4","375","0",822
"4",505,"4","375","0",2690
"5",901,"4","375","0",7670
"1",0,"2","376","0",80
"2",82,"2","376","0",93
"3",246,"2","376","0",640
"4",505,"2","376","0",1920
"5",901,"2","376","0",5760
"1",0,"2","377","0",48
"2",82,"2","377","0",69
"3",246,"2","377","0",690
"4",505,"2","377","0",1720
"5",901,"2","377","0",6240
"1",0,"4","378","0",65
"2",82,"4","378","0",75
"3",246,"4","378","0",640
"4",505,"4","378","0",1900
"5",901,"4","378","0",5230
"1",0,"4","379","0",61
"2",82,"4","379","0",83
"3",246,"4","379","0",578
"4",505,"4","379","0",1180
"5",901,"4","379","0",3660
"1",0,"2","380","0",68
"2",82,"2","380","0",97
"3",246,"2","380","0",988
"4",505,"2","380","0",2870
"5",901,"2","380","0",8390
"1",0,"2","381","1",41
"2",82,"2","381","1",73
"3",246,"2","381","1",638
"4",505,"2","381","1",1580
"5",901,"2","381","1",3950
"1",0,"1","382","0",75
"2",82,"1","382","0",95
"3",246,"1","382","0",780
"4",505,"1","382","0",2130
"5",901,"1","382","0",6750
"1",0,"3","383","0",55
"2",82,"3","383","0",67
"3",246,"3","383","0",696
"4",505,"3","383","0",1840
"5",901,"3","383","0",5590
"1",0,"3","384","0",46
"2",82,"3","384","0",62
"3",246,"3","384","0",708
"4",505,"3","384","0",2290
"5",901,"3","384","0",7570
"1",0,"3","385","0",68
"2",82,"3","385","0",83
"3",246,"3","385","0",624
"4",505,"3","385","0",1940
"5",901,"3","385","0",5190
"1",0,"1","386","0",65
"2",82,"1","386","0",84
"3",246,"1","386","0",632
"4",505,"1","386","0",1260
"5",901,"1","386","0",4350
"1",0,"4","387","0",56
"2",82,"4","387","0",75
"3",246,"4","387","0",568
"4",505,"4","387","0",1960
"5",901,"4","387","0",7510
"1",0,"2","388","0",55
"2",82,"2","388","0",79
"3",246,"2","388","0",722
"4",505,"2","388","0",2300
"5",901,"2","388","0",7420
"1",0,"2","389","0",35
"2",82,"2","389","0",40
"3",246,"2","389","0",388
"4",505,"2","389","0",1230
"5",901,"2","389","0",5960
"1",0,"3","390","0",79
"2",82,"3","390","0",92
"3",246,"3","390","0",760
"4",505,"3","390","0",2350
"5",901,"3","390","0",6560
"1",0,"2","391","0",70
"2",82,"2","391","0",95
"3",246,"2","391","0",795
"4",505,"2","391","0",3530
"5",901,"2","391","0",4790
"1",0,"4","392","1",58
"2",82,"4","392","1",72
"3",246,"4","392","1",690
"4",505,"4","392","1",1680
"5",901,"4","392","1",6090
"1",0,"3","393","0",55
"2",82,"3","393","0",91
"3",246,"3","393","0",680
"4",505,"3","393","0",1980
"5",901,"3","393","0",5250
"1",0,"2","394","0",65
"2",82,"2","394","0",79
"3",246,"2","394","0",612
"4",505,"2","394","0",1420
"5",901,"2","394","0",5420
"1",0,"4","395","0",51
"2",82,"4","395","0",60
"3",246,"4","395","0",570
"4",505,"4","395","0",2130
"5",901,"4","395","0",8160
"1",0,"1","396","0",65
"2",82,"1","396","0",89
"3",246,"1","396","0",598
"4",505,"1","396","0",2110
"5",901,"1","396","0",4510
"1",0,"3","397","0",55
"2",82,"3","397","0",73
"3",246,"3","397","0",600
"4",505,"3","397","0",2500
"5",901,"3","397","0",3700
"1",0,"1","398","0",54
"2",82,"1","398","0",68
"3",246,"1","398","0",608
"4",505,"1","398","0",1280
"5",901,"1","398","0",5290
"1",0,"2","399","0",62
"2",82,"2","399","0",81
"3",246,"2","399","0",990
"4",505,"2","399","0",3210
"5",901,"2","399","0",8770
"1",0,"2","400","0",72
"2",82,"2","400","0",97
"3",246,"2","400","0",798
"4",505,"2","400","0",1870
"5",901,"2","400","0",4660
